{

	"metadata" :
	{
		"formatVersion" : 3.1,
		"generatedBy"   : "Blender 2.7 Exporter",
		"vertices"      : 141,
		"faces"         : 149,
		"normals"       : 127,
		"colors"        : 0,
		"uvs"           : [267],
		"materials"     : 1,
		"morphTargets"  : 0,
		"bones"         : 0
	},

	"scale" : 1.000000,

	"materials" : [	{
		"DbgColor" : 15658734,
		"DbgIndex" : 0,
		"DbgName" : "Material.001",
		"blending" : "NormalBlending",
		"colorAmbient" : [0.6400000190734865, 0.6400000190734865, 0.6400000190734865],
		"colorDiffuse" : [0.6400000190734865, 0.6400000190734865, 0.6400000190734865],
		"colorEmissive" : [0.0, 0.0, 0.0],
		"colorSpecular" : [0.5, 0.5, 0.5],
		"depthTest" : true,
		"depthWrite" : true,
		"mapDiffuse" : "camouflage_new.png",
		"mapDiffuseWrap" : ["repeat", "repeat"],
		"shading" : "Lambert",
		"specularCoef" : 50,
		"opacity" : 1.0,
		"transparent" : false,
		"vertexColors" : false
	}],

	"vertices" : [0.81091,0.00910104,0.377093,-0.791936,0.00910104,0.377093,-0.791936,0.00910103,0.201031,0.81091,0.00910103,0.201031,0.81091,0.525573,0.377093,-0.791936,0.525573,0.377093,-0.791936,0.535291,0.201031,0.81091,0.535291,0.201031,0.482455,0.00910106,0.933035,-0.463481,0.00910106,0.933035,0.81091,0.509376,0.933035,-0.791936,0.509376,0.933035,-0.791936,0.0976112,0.377093,0.81091,0.0976112,0.377093,-0.791936,0.0976112,0.201031,0.81091,0.0976112,0.201031,-0.463481,0.0976112,0.933035,0.482455,0.0976112,0.933035,0.81091,0.515855,0.655064,0.779389,0.00910105,0.655064,-0.677027,0.0976112,0.79405,0.696001,0.0976112,0.79405,-0.791936,0.0976112,0.201031,-0.791936,0.0976112,0.377093,0.81091,0.0976112,0.933035,0.81091,0.0976112,0.377093,-0.791936,0.0976112,0.655064,0.81091,0.0976112,0.655064,0.81091,0.538533,0.933035,-0.791936,0.538533,0.933035,-0.760414,0.00910105,0.655064,-0.791936,0.515855,0.655064,-0.791936,0.509376,0.79405,0.696001,0.00910106,0.79405,-0.791936,0.0976112,0.933035,0.81091,0.0976112,0.201031,0.779389,0.0976112,0.655064,-0.760414,0.0976112,0.655064,0.81091,0.0684536,0.933035,-0.791936,0.0684536,0.933035,-0.677027,0.00910106,0.79405,0.81091,0.509376,0.79405,0.81091,0.0976112,0.79405,-0.791936,0.0976112,0.79405,-0.791936,0.267949,1.02977,0.81091,0.267949,1.02977,-0.791936,0.339038,1.02977,0.81091,0.339038,1.02977,-0.791936,0.0890896,0.969031,0.81091,0.0890896,0.969031,-0.791936,0.517897,0.969031,0.81091,0.517897,0.969031,-0.791936,0.00910102,-0.102184,0.81091,0.00910102,-0.102184,-0.791936,0.552118,-0.102184,0.81091,0.552118,-0.102184,-0.791936,0.0976111,-0.102184,0.81091,0.0976111,-0.102184,-0.791936,0.0976111,-0.102184,0.81091,0.0976111,-0.102184,-0.115667,0.009101,-0.591992,0.134641,0.009101,-0.591992,-0.191244,0.585862,-0.591992,0.210218,0.585862,-0.591992,-0.115667,0.0976111,-0.591992,0.134641,0.0976111,-0.591992,-0.191244,0.0976111,-0.591992,0.210218,0.0976111,-0.591992,-0.640234,0.563366,-0.347088,0.659208,0.563366,-0.347088,-0.640234,0.00910101,-0.347088,0.659208,0.00910101,-0.347088,0.659208,0.0976111,-0.347088,-0.640234,0.0976111,-0.347088,-0.640234,0.0976111,-0.347088,0.659208,0.0976111,-0.347088,0.00948721,0.0976111,-0.591992,0.00948721,0.009101,-0.591992,0.00948721,0.585862,-0.591992,0.00948717,0.00910102,-0.102184,0.00948725,0.155105,-1.09679,0.00948719,0.644994,-0.347088,0.00948719,0.00910101,-0.347088,0.00948721,0.0976111,-0.591992,0.15581,0.155105,-1.09679,-0.136835,0.155105,-1.09679,0.15581,0.501374,-1.09679,-0.136835,0.501374,-1.09679,0.00948717,0.657069,-0.102184,0.00948711,0.554725,0.655064,0.00948711,0.00910105,0.655064,0.0094871,0.528811,0.79405,0.00948725,0.501374,-1.19397,0.00948725,0.155105,-1.19397,0.00948725,0.501374,-1.09679,0.00948715,0.00910103,0.201031,0.00948715,0.620807,0.201031,0.00948714,0.00910104,0.377093,0.00948714,0.59554,0.377093,0.0094871,0.00910106,0.79405,0.00948709,0.0976112,0.933035,0.00948709,0.00910106,0.933035,0.00948709,0.509376,0.933035,-0.0943206,0.501374,-1.19397,0.113295,0.501374,-1.19397,-0.0943206,0.155105,-1.19397,0.113295,0.155105,-1.19397,0.120061,0.513424,-0.109276,0.204818,0.513424,0.110709,0.40944,0.513424,0.20183,0.614062,0.513424,0.110709,0.698819,0.513424,-0.109276,0.614062,0.513424,-0.329261,0.40944,0.513424,-0.420382,0.204818,0.513424,-0.329261,0.120061,0.690927,-0.109276,0.204818,0.690927,0.110709,0.40944,0.690927,0.20183,0.614062,0.690927,0.110709,0.698819,0.690927,-0.109276,0.614062,0.690927,-0.329261,0.40944,0.690927,-0.420382,0.204818,0.690927,-0.329261,0.134303,0.703896,-0.109276,0.214889,0.703896,0.0998815,0.40944,0.703896,0.186518,0.603991,0.703896,0.0998816,0.684576,0.703896,-0.109276,0.603991,0.703896,-0.318434,0.40944,0.703896,-0.40507,0.214889,0.703896,-0.318434,0.134303,0.750587,-0.109276,0.214889,0.750587,0.0998815,0.40944,0.750587,0.186518,0.603991,0.750587,0.0998816,0.684576,0.750587,-0.109276,0.603991,0.750587,-0.318434,0.40944,0.750587,-0.40507,0.214889,0.750587,-0.318434,0.40944,0.750587,-0.109276,0.40944,0.513424,-0.109276],

	"morphTargets" : [],